﻿<Kunder>
  <Kunde KundeNummer="1" Navn="Jens Hansen" Adresse="Nygade 3" Postnr="2000" Bynavn="Frederiksberg">
    <Ordreopl OrdreNummer="2" Bestillingsdato="2007-05-15T15:49:56.757" Leveringsdato="2007-05-17T15:49:56.757">
      <OrdreLinie Varenummer="3" AntalEnheder="4" />
    </Ordreopl>
  </Kunde>
  <Kunde KundeNummer="2" Navn="Ole Larsen" Adresse="Vestergade 4" Postnr="9000" Bynavn="Aalborg">
    <Ordreopl OrdreNummer="1" Bestillingsdato="2007-05-15T15:49:56.757" Leveringsdato="2007-05-25T15:49:56.757">
      <OrdreLinie Varenummer="3" AntalEnheder="2" />
      <OrdreLinie Varenummer="6" AntalEnheder="8" />
    </Ordreopl>
    <Ordreopl OrdreNummer="3" Bestillingsdato="2007-05-15T15:49:56.757" Leveringsdato="2007-06-04T15:49:56.757">
      <OrdreLinie Varenummer="1" AntalEnheder="1" />
      <OrdreLinie Varenummer="2" AntalEnheder="2" />
    </Ordreopl>
    <Ordreopl OrdreNummer="5" Bestillingsdato="2007-05-15T15:49:56.773" Leveringsdato="2007-06-08T15:49:56.773">
      <OrdreLinie Varenummer="2" AntalEnheder="6" />
      <OrdreLinie Varenummer="6" AntalEnheder="1" />
      <OrdreLinie Varenummer="7" AntalEnheder="1" />
    </Ordreopl>
  </Kunde>
  <Kunde KundeNummer="3" Navn="Karen Olsen" Adresse="Borgergade 13" Postnr="9000" Bynavn="Aalborg">
    <Ordreopl OrdreNummer="4" Bestillingsdato="2007-05-15T15:49:56.773" Leveringsdato="2007-05-19T15:49:56.773">
      <OrdreLinie Varenummer="4" AntalEnheder="3" />
    </Ordreopl>
  </Kunde>
  <Kunde KundeNummer="4" Navn="Karl Nielsen" Adresse="Søndergade 67" Postnr="8000" Bynavn="Århus C" />
</Kunder>