<?xml version="1.0" encoding="UTF-8"?><?xml-stylesheet type='text/xsl' href='_UpgradeReport_Files/UpgradeReport.xslt'?><UpgradeLog>
<Properties><Property Name="Solution" Value="DM1">
</Property><Property Name="Solution File" Value="C:\SQL Server 2008 BI Scripts\DM1\DM1.sln">
</Property><Property Name="Date" Value="Thursday, November 08, 2012">
</Property><Property Name="Time" Value="8:46 AM">
</Property></Properties><Event ErrorLevel="0" Project="" Source="DM1.sln" Description="Solution converted successfully">
</Event><Event ErrorLevel="3" Project="" Source="DM1.sln" Description="Converted">
</Event></UpgradeLog>